Pelatihan,Kelas,Mulai,Selesai
Training of Facilitator Program Standardisasi Kompetensi Pejabat Penandatangan Surat Perintah Membayar dan Bendahara Pengeluaran/Bendahara Pengeluaran Pembantu,2,2024-01-22,2024-02-01
Pelatihan Persiapan Uji Kompetensi Pengadaan Barang/Jasa Pemerintah Level 1,1,2024-01-22,2024-01-25
Pelatihan Jarak Jauh Bendahara Pengeluaran/Bendahara Pengeluaran Pembantu,6,2024-01-29,2024-02-02
Pelatihan Analisis Dampak Treasury terhadap Sektor Perekonomian,1,2024-01-29,2024-02-02
Pelatihan Pengadaan Barang/Jasa Pemerintah: Pekerjaan Konstruksi,1,2024-01-29,2024-02-01
Pelatihan Jarak Jauh Bendahara Pengeluaran/Bendahara Pengeluaran Pembantu,1,2024-01-29,2024-02-02
Pelatihan Jarak Jauh Bendahara Pengeluaran/Bendahara Pengeluaran Pembantu,1,2024-01-29,2024-02-02
Pelatihan Jarak Jauh Bendahara Pengeluaran/Bendahara Pengeluaran Pembantu,1,2024-01-29,2024-02-02
Pelatihan Jarak Jauh Bendahara Pengeluaran/Bendahara Pengeluaran Pembantu,1,2024-01-29,2024-02-02
Workshop on Managing Fiscal Risks Related to Public-Private Partnership and Guarantees,1,2024-01-30,2024-02-02
Training of Facilitator Program Standardisasi Kompetensi Pejabat Pembuat Komitmen,1,2024-02-05,2024-02-19
Pelatihan Jarak Jauh Bendahara Pengeluaran/Bendahara Pengeluaran Pembantu,4,2024-02-05,2024-02-13
E-Learning Penyusunan APBN Level Dasar,1,2024-02-07,2024-02-16
Pelatihan Jarak Jauh Bendahara Pengeluaran/Bendahara Pengeluaran Pembantu,5,2024-02-19,2024-02-23
Pelatihan Jarak Jauh SAKTI Kelompok Modul Pelaporan,1,2024-02-19,2024-02-23
Pelatihan Jarak Jauh Kompetensi Pengadaan Barang/Jasa Pemerintah Level-1,2,2024-02-19,2024-03-05
Pelatihan Jarak Jauh Pejabat Pembuat Komitmen,2,2024-02-19,2024-02-23
Pelatihan Jarak Jauh Pejabat Pembuat Komitmen,1,2024-02-19,2024-02-23
Pelatihan Jarak Jauh Pejabat Pembuat Komitmen,1,2024-02-19,2024-02-23
Pelatihan Jarak Jauh Pejabat Pembuat Komitmen,1,2024-02-19,2024-02-23
Pelatihan Jarak Jauh Pejabat Pembuat Komitmen,1,2024-02-19,2024-02-23
Pelatihan Jarak Jauh Pejabat Pembuat Komitmen,1,2024-02-19,2024-02-23
Pelatihan Penelaahan RKA-K/L,1,2024-02-19,2024-02-23
Pelatihan Jarak Jauh Bendahara Pengeluaran/Bendahara Pengeluaran Pembantu,1,2024-02-19,2024-02-23
Pelatihan Jarak Jauh Bendahara Pengeluaran/Bendahara Pengeluaran Pembantu,1,2024-02-19,2024-02-23
Pelatihan Jarak Jauh Bendahara Pengeluaran/Bendahara Pengeluaran Pembantu,1,2024-02-19,2024-02-23
Pelatihan Jarak Jauh Bendahara Pengeluaran/Bendahara Pengeluaran Pembantu,1,2024-02-19,2024-02-23
Pelatihan Jarak Jauh Bendahara Pengeluaran/Bendahara Pengeluaran Pembantu,1,2024-02-19,2024-02-23
Pelatihan Jarak Jauh Bendahara Pengeluaran/Bendahara Pengeluaran Pembantu,1,2024-02-19,2024-02-23
Pelatihan Jarak Jauh Bendahara Pengeluaran/Bendahara Pengeluaran Pembantu,1,2024-02-19,2024-02-23
Lokakarya Pengelolaan Uang Persediaan Bagi Bendahara Di Lingkungan Direktorat Jenderal Pajak,1,2024-02-20,2024-02-22
Pelatihan Persiapan Uji Kompetensi Pengadaan Barang/Jasa Pemerintah Level 1,1,2024-02-26,2024-02-29
Pelatihan Jarak Jauh Pejabat Pembuat Komitmen,1,2024-02-26,2024-03-01
Pelatihan Jarak Jauh Pejabat Pembuat Komitmen,1,2024-02-26,2024-03-01
Pelatihan Jarak Jauh Pejabat Pembuat Komitmen,1,2024-02-26,2024-03-01
Pelatihan Jarak Jauh Pejabat Pembuat Komitmen,1,2024-02-26,2024-03-01
Pelatihan Jarak Jauh Pejabat Pembuat Komitmen,1,2024-02-26,2024-03-01
Pelatihan Jarak Jauh Pejabat Pembuat Komitmen,1,2024-02-26,2024-03-01
E-Learning Bendahara Penerimaan,5,2024-02-26,2024-03-01
Pelatihan Jarak Jauh Pejabat Penandatangan Surat Perintah Membayar (PPSPM),2,2024-02-26,2024-03-01
Pelatihan Jarak Jauh Pejabat Penandatangan Surat Perintah Membayar (PPSPM),1,2024-02-26,2024-03-01
Pelatihan Reviu Baseline,1,2024-02-26,2024-02-29
Pelatihan Jarak Jauh Analisis Dasar Penganggaran,1,2024-02-26,2024-03-01
Lokakarya Pengelolaan Uang Persediaan Bagi Bendahara Di Lingkungan Direktorat Jenderal Pajak,1,2024-02-27,2024-02-29
Pelatihan Tematis Kuasa Pengguna Anggaran,1,2024-02-19,2024-02-21
Pelatihan Jarak Jauh Bendahara Pengeluaran/Bendahara Pengeluaran Pembantu,5,2024-03-04,2024-03-08
Pelatihan Jarak Jauh Pejabat Pembuat Komitmen,2,2024-03-04,2024-03-08
Pelatihan Pengendalian dan Pemantauan serta Evaluasi Kinerja Anggaran,1,2024-03-05,2024-03-06
Pelatihan Jarak Jauh Pejabat Penandatangan Surat Perintah Membayar (PPSPM),1,2024-03-04,2024-03-08
Pelatihan Jarak Jauh Pejabat Penandatangan Surat Perintah Membayar (PPSPM),1,2024-03-04,2024-03-08
Pelatihan Jarak Jauh Pejabat Penandatangan Surat Perintah Membayar (PPSPM),1,2024-03-04,2024-03-08
Pelatihan Jarak Jauh Pejabat Penandatangan Surat Perintah Membayar (PPSPM),1,2024-03-04,2024-03-08
Pelatihan Jarak Jauh Pejabat Penandatangan Surat Perintah Membayar (PPSPM),1,2024-03-04,2024-03-08
Pelatihan Jarak Jauh Pejabat Penandatangan Surat Perintah Membayar (PPSPM),1,2024-03-04,2024-03-08
Pelatihan Jarak Jauh Bendahara Pengeluaran/Bendahara Pengeluaran Pembantu,1,2024-03-04,2024-03-08
Pelatihan Jarak Jauh Bendahara Pengeluaran/Bendahara Pengeluaran Pembantu,1,2024-03-04,2024-03-08
Pelatihan Jarak Jauh Bendahara Pengeluaran/Bendahara Pengeluaran Pembantu,1,2024-03-04,2024-03-08
Pelatihan Jarak Jauh Bendahara Pengeluaran/Bendahara Pengeluaran Pembantu,1,2024-03-04,2024-03-08
Pelatihan Jarak Jauh Bendahara Pengeluaran/Bendahara Pengeluaran Pembantu,1,2024-03-04,2024-03-08
Pelatihan Jarak Jauh Bendahara Pengeluaran/Bendahara Pengeluaran Pembantu,1,2024-03-04,2024-03-08
Pelatihan Jarak Jauh Bendahara Pengeluaran/Bendahara Pengeluaran Pembantu,1,2024-03-04,2024-03-08
Lokakarya Pengelolaan Uang Persediaan Bagi Bendahara Di Lingkungan Direktorat Jenderal Pajak,1,2024-03-05,2024-03-07
Pelatihan Tematis Pejabat Pembuat Komitmen,1,2024-03-04,2024-03-08
Pelatihan Jarak Jauh Staf Pejabat Pembuat Komitmen,1,2024-03-18,2024-03-22
E-Learning Bendahara Penerimaan,4,2024-03-18,2024-03-22
Pelatihan Jarak Jauh Pejabat Penandatangan Surat Perintah Membayar (PPSPM),2,2024-03-18,2024-03-22
E-Learning Platform Pembayaran Pemerintah,4,2024-03-18,2024-03-22
Pelatihan Jarak Jauh Pejabat Penandatangan Surat Perintah Membayar (PPSPM),1,2024-03-18,2024-03-22
Pelatihan Jarak Jauh Pejabat Penandatangan Surat Perintah Membayar (PPSPM),1,2024-03-18,2024-03-22
Pelatihan Jarak Jauh Pejabat Penandatangan Surat Perintah Membayar (PPSPM),1,2024-03-18,2024-03-22
Pelatihan Jarak Jauh Pejabat Penandatangan Surat Perintah Membayar (PPSPM),1,2024-03-18,2024-03-22
Pelatihan Jarak Jauh Pejabat Penandatangan Surat Perintah Membayar (PPSPM),1,2024-03-18,2024-03-22
Pelatihan Jarak Jauh Pengujian dan Pembayaran Belanja Konstruksi,1,2024-03-18,2024-03-20
Pelatihan Jarak Jauh Bendahara Pengeluaran/Bendahara Pengeluaran Pembantu,5,2024-03-18,2024-03-22
Pelatihan Jarak Jauh Bendahara Pengeluaran/Bendahara Pengeluaran Pembantu,1,2024-03-18,2024-03-22
Pelatihan Jarak Jauh Bendahara Pengeluaran/Bendahara Pengeluaran Pembantu,1,2024-03-18,2024-03-22
Pelatihan Jarak Jauh Bendahara Pengeluaran/Bendahara Pengeluaran Pembantu,1,2024-03-18,2024-03-22
Pelatihan Jarak Jauh Bendahara Pengeluaran/Bendahara Pengeluaran Pembantu,1,2024-03-18,2024-03-22
E-Learning Penyusunan Pagu Level Dasar,1,2024-03-27,2024-04-03
E-Learning Platform Pembayaran Pemerintah,1,2024-03-27,2024-04-03
Pelatihan Persiapan Uji Kompetensi Pengadaan Barang/Jasa Pemerintah Level 1,1,2024-04-22,2024-04-25
Pelatihan Jarak Jauh Pejabat Pembuat Komitmen,1,2024-04-22,2024-04-26
Pelatihan Jarak Jauh Pejabat Pembuat Komitmen,1,2024-04-22,2024-04-26
Pelatihan Jarak Jauh Pejabat Pembuat Komitmen,1,2024-04-22,2024-04-26
Pelatihan Jarak Jauh Pejabat Pembuat Komitmen,1,2024-04-22,2024-04-26
Pelatihan Jarak Jauh Pejabat Pembuat Komitmen,1,2024-04-22,2024-04-26
Pelatihan Jarak Jauh Pejabat Pembuat Komitmen,3,2024-04-22,2024-04-26
E-Learning Bendahara Penerimaan,4,2024-04-22,2024-04-26
Pelatihan Jarak Jauh Pejabat Penandatangan Surat Perintah Membayar (PPSPM),2,2024-04-22,2024-04-26
Pelatihan Jarak Jauh Pejabat Penandatangan Surat Perintah Membayar (PPSPM),1,2024-04-22,2024-04-26
Pelatihan Jarak Jauh Tematis Kuasa Pengguna Anggaran,1,2024-04-22,2024-04-26
E-Learning Platform Pembayaran Pemerintah,4,2024-04-22,2024-04-26
Pelatihan Jarak Jauh Bendahara Pengeluaran/Bendahara Pengeluaran Pembantu,4,2024-04-22,2024-04-26
Pelatihan Jarak Jauh Bendahara Pengeluaran/Bendahara Pengeluaran Pembantu,1,2024-04-22,2024-04-26
Pelatihan Jarak Jauh Bendahara Pengeluaran/Bendahara Pengeluaran Pembantu,1,2024-04-22,2024-04-26
Pelatihan Jarak Jauh Bendahara Pengeluaran/Bendahara Pengeluaran Pembantu,1,2024-04-22,2024-04-26
Pelatihan Jarak Jauh Bendahara Pengeluaran/Bendahara Pengeluaran Pembantu,1,2024-04-22,2024-04-26
Pelatihan Jarak Jauh Bendahara Pengeluaran/Bendahara Pengeluaran Pembantu,1,2024-04-22,2024-04-26
Pelatihan Jarak Jauh Bendahara Pengeluaran/Bendahara Pengeluaran Pembantu,1,2024-04-22,2024-04-26
Pelatihan Jarak Jauh Bendahara Pengeluaran/Bendahara Pengeluaran Pembantu,1,2024-04-22,2024-04-26
E-Learning Analisis Dasar Penganggaran,1,2024-04-22,2024-04-26
Pelatihan Asistensi Pembinaan Pengelolaan Keuangan BLUD,1,2024-04-22,2024-05-06
Executive Course Pengelolaan Keuangan Negara Bagi Manajemen Pengelola Keuangan di Lingkungan Pemerintah Daerah,1,2024-04-22,2024-04-23
Pelatihan Jarak Jauh Perpajakan Belanja Barang dan Belanja Modal bagi Pejabat Pengelola Keuangan Negara,1,2024-05-06,2024-05-07
Pelatihan Jarak Jauh Pengujian dan Pembayaran Belanja Barang dan Belanja Modal Non Konstruksi,1,2024-05-06,2024-05-08
Pelatihan Jarak Jauh Penerapan Pengendalian Intern atas Pelaporan Keuangan (PIPK),1,2024-05-06,2024-07-01
E-learning Jabatan Fungsional Pranata Keuangan APBN Penyelia,1,2024-05-06,2024-05-17
E-learning Jabatan Fungsional Pranata Keuangan APBN Mahir,1,2024-05-06,2024-05-17
Pelatihan Pengawasan Penerimaan Negara Bukan Pajak (PNBP) Berbasis Data Analytics,1,2024-05-13,2024-05-16
Pelatihan Pengawasan Pengadaan Barang/Jasa Pemerintah,1,2024-05-13,2024-05-17
Pelatihan Jarak Jauh Pejabat Pembuat Komitmen,1,2024-05-13,2024-05-17
Pelatihan Jarak Jauh Pejabat Pembuat Komitmen,1,2024-05-13,2024-05-17
Pelatihan Jarak Jauh Pejabat Pembuat Komitmen,1,2024-05-13,2024-05-17
E-Learning Bendahara Penerimaan,4,2024-05-13,2024-05-17
Pelatihan Jarak Jauh Pejabat Penandatangan Surat Perintah Membayar (PPSPM),1,2024-05-13,2024-05-17
Pelatihan Jarak Jauh Pejabat Penandatangan Surat Perintah Membayar (PPSPM),1,2024-05-13,2024-05-17
Pelatihan Jarak Jauh Pejabat Penandatangan Surat Perintah Membayar (PPSPM),1,2024-05-13,2024-05-17
Pelatihan Jarak Jauh Pejabat Pembuat Komitmen,2,2024-05-13,2024-05-17
Pelatihan Jarak Jauh Staf Pejabat Pembuat Komitmen,1,2024-05-13,2024-05-17
E-Learning Jabatan Fungsional Analis Pengelolaan Keuangan APBN Ahli Madya,1,2024-05-13,2024-05-22
E-Learning Jabatan Fungsional Analis Pengelolaan Keuangan APBN Ahli Muda,1,2024-05-13,2024-05-22
Pelatihan Jarak Jauh Bendahara Pengeluaran/Bendahara Pengeluaran Pembantu,4,2024-05-13,2024-05-17
Pelatihan Jarak Jauh Bendahara Pengeluaran/Bendahara Pengeluaran Pembantu,1,2024-05-13,2024-05-17
Pelatihan Jarak Jauh Bendahara Pengeluaran/Bendahara Pengeluaran Pembantu,1,2024-05-13,2024-05-17
Pelatihan Jarak Jauh Bendahara Pengeluaran/Bendahara Pengeluaran Pembantu,1,2024-05-13,2024-05-17
Pelatihan Jarak Jauh Bendahara Pengeluaran/Bendahara Pengeluaran Pembantu,1,2024-05-13,2024-05-17
Pelatihan Jarak Jauh Bendahara Pengeluaran/Bendahara Pengeluaran Pembantu,1,2024-05-13,2024-05-17
Pelatihan Jarak Jauh Bendahara Pengeluaran/Bendahara Pengeluaran Pembantu,1,2024-05-13,2024-05-17
Pelatihan Jarak Jauh Bendahara Pengeluaran/Bendahara Pengeluaran Pembantu,1,2024-05-13,2024-05-17
E-Learning Dewan Pengawas Badan Layanan Umum (BLU),3,2024-05-13,2024-05-28
Lokakarya Pengelolaan Uang Persediaan Bagi Bendahara Di Lingkungan Direktorat Jenderal Pajak,1,2024-05-14,2024-05-16
Pelatihan Pembina Jabatan Fungsional Bidang Perbendaharaan,2,2024-05-14,2024-05-16
Pelatihan Blended Bendahara Pengeluaran/Bendahara Pengeluaran Pembantu,1,2024-05-13,2024-05-17
Pelatihan Blended Pejabat Penandatangan Surat Perintah Membayar (PPSPM),1,2024-05-13,2024-05-17
Pelatihan Jarak Jauh Penyusunan Kontrak Pengadaan Barang/Jasa,1,2024-05-20,2024-05-22
E-Learning Penyusunan Kebijakan PNBP Level Dasar,1,2024-05-20,2024-05-28
Pelatihan Jarak Jauh Penerapan Pengendalian Intern atas Pelaporan Keuangan (PIPK),1,2024-05-20,2024-07-11
Pelatihan Jarak Jauh Pejabat Pembuat Komitmen,1,2024-05-27,2024-05-31
Pelatihan Jarak Jauh Pejabat Pembuat Komitmen,1,2024-05-27,2024-05-31
Pelatihan Jarak Jauh Pejabat Pembuat Komitmen,1,2024-05-27,2024-05-31
Pelatihan Jarak Jauh Pejabat Penandatangan Surat Perintah Membayar (PPSPM),1,2024-05-27,2024-05-31
Pelatihan Jarak Jauh Pejabat Penandatangan Surat Perintah Membayar (PPSPM),1,2024-05-27,2024-05-31
Pelatihan Jarak Jauh Pejabat Penandatangan Surat Perintah Membayar (PPSPM),2,2024-05-27,2024-05-31
Pelatihan Jarak Jauh Kompetensi Pengadaan Barang/Jasa Pemerintah Level-1,1,2024-05-27,2024-06-11
Pelatihan Jarak Jauh Analisis Laporan Keuangan Badan Layanan Umum,1,2024-05-27,2024-05-31
Training of Trainer Penyusunan Rencana Kerja dan Anggaran,1,2024-05-27,2024-05-31
Pelatihan Jarak Jauh Pengadaan Barang/Jasa Pemerintah: Bangunan Gedung Negara,1,2024-05-27,2024-05-31
Pelatihan Jarak Jauh Penyusunan Pagu Level Lanjutan,1,2024-05-27,2024-05-31
Pelatihan Jarak Jauh Bendahara Pengeluaran/Bendahara Pengeluaran Pembantu,4,2024-05-27,2024-05-31
Pelatihan Jarak Jauh Bendahara Pengeluaran/Bendahara Pengeluaran Pembantu,1,2024-05-27,2024-05-31
Pelatihan Jarak Jauh Bendahara Pengeluaran/Bendahara Pengeluaran Pembantu,1,2024-05-27,2024-05-31
Pelatihan Jarak Jauh Bendahara Pengeluaran/Bendahara Pengeluaran Pembantu,1,2024-05-27,2024-05-31
Pelatihan Jarak Jauh Bendahara Pengeluaran/Bendahara Pengeluaran Pembantu,1,2024-05-27,2024-05-31
Pelatihan Jarak Jauh Bendahara Pengeluaran/Bendahara Pengeluaran Pembantu,1,2024-05-27,2024-05-31
Pelatihan Jarak Jauh Bendahara Pengeluaran/Bendahara Pengeluaran Pembantu,1,2024-05-27,2024-05-31
Pelatihan Jarak Jauh Bendahara Pengeluaran/Bendahara Pengeluaran Pembantu,1,2024-05-27,2024-05-31
Lokakarya Pengelolaan Uang Persediaan Bagi Bendahara Di Lingkungan Direktorat Jenderal Pajak,1,2024-05-28,2024-05-30
Executive Course Pengelolaan Keuangan Negara Bagi Manajemen Pengelola Keuangan di Lingkungan Pemerintah Daerah,2,2024-05-28,2024-05-29
Pelatihan Pengadaan Tanah bagi Kepentingan Umum,1,2024-06-03,2024-06-07
Pelatihan Local Economic Empowerment,1,2024-06-03,2024-06-07
Pelatihan Proses Bisnis PNBP SDA,1,2024-06-03,2024-06-07
Training of Trainer Penyusunan Rencana Kerja dan Anggaran,1,2024-06-03,2024-06-07
Pelatihan Jarak Jauh Evaluasi Kinerja PNBP Level Lanjutan,1,2024-06-03,2024-06-05
E-Learning Jabatan Fungsional Analis Anggaran Ahli Muda dalam Lingkup Tugas Selaku Chief Financial Officer (CFO),1,2024-06-03,2024-06-14
E-Learning Jabatan Fungsional Analis Anggaran Ahli Madya dalam Lingkup Tugas Selaku Chief Financial Officer (CFO),1,2024-06-03,2024-06-14
Pelatihan Jarak Jauh Pejabat Penandatangan Surat Perintah Membayar (PPSPM),1,2024-06-03,2024-06-07
Pelatihan Jarak Jauh Pejabat Penandatangan Surat Perintah Membayar (PPSPM),1,2024-06-03,2024-06-07
Pelatihan Jarak Jauh Pejabat Penandatangan Surat Perintah Membayar (PPSPM),1,2024-06-03,2024-06-07
Pelatihan Jarak Jauh Pejabat Penandatangan Surat Perintah Membayar (PPSPM),1,2024-06-03,2024-06-07
Pelatihan Jarak Jauh Pejabat Penandatangan Surat Perintah Membayar (PPSPM),1,2024-06-03,2024-06-07
Blended Bendahara Pengeluaran/Bendahara Pengeluaran Pembantu Insidentil KPU,3,2024-06-03,2024-06-07
E-Learning Penyegaran Pejabat Penandatangan Surat Perintah Membayar (PPSPM),1,2024-06-10,2024-06-14
Pelatihan Jarak Jauh Bendahara Pengeluaran/Bendahara Pengeluaran Pembantu,4,2024-06-10,2024-06-14
E-Learning Penyusunan Target PNBP Level Dasar,1,2024-06-10,2024-06-14
Pelatihan Jarak Jauh Pejabat Pembuat Komitmen,2,2024-06-10,2024-06-14
Pelatihan Regulatory Impact Analysis (RIA),1,2024-06-10,2024-06-13
Pelatihan Pembina Jabatan Fungsional Bidang Perbendaharaan,2,2024-06-11,2024-06-13
Pelatihan Jarak Jauh Pejabat Pembuat Komitmen,1,2024-06-10,2024-06-14
Pelatihan Jarak Jauh Pejabat Pembuat Komitmen,1,2024-06-10,2024-06-14
Pelatihan Jarak Jauh Pejabat Pembuat Komitmen,1,2024-06-10,2024-06-14
Pelatihan Jarak Jauh Pejabat Pembuat Komitmen,1,2024-06-10,2024-06-14
Pelatihan Jarak Jauh Pejabat Pembuat Komitmen,1,2024-06-10,2024-06-14
Pelatihan Jarak Jauh Pejabat Penandatangan Surat Perintah Membayar (PPSPM),1,2024-06-10,2024-06-14
Pelatihan Jarak Jauh Bendahara Pengeluaran/Bendahara Pengeluaran Pembantu,1,2024-06-10,2024-06-14
Pelatihan Jarak Jauh Bendahara Pengeluaran/Bendahara Pengeluaran Pembantu,1,2024-06-10,2024-06-14
Pelatihan Jarak Jauh Bendahara Pengeluaran/Bendahara Pengeluaran Pembantu,1,2024-06-10,2024-06-14
Pelatihan Jarak Jauh Bendahara Pengeluaran/Bendahara Pengeluaran Pembantu,1,2024-06-10,2024-06-14
Pelatihan Jarak Jauh Bendahara Pengeluaran/Bendahara Pengeluaran Pembantu,1,2024-06-10,2024-06-14
Pelatihan Jarak Jauh Bendahara Pengeluaran/Bendahara Pengeluaran Pembantu,1,2024-06-10,2024-06-14
Pelatihan Jarak Jauh Bendahara Pengeluaran/Bendahara Pengeluaran Pembantu,1,2024-06-10,2024-06-14
Pelatihan Blended Pejabat Penandatangan Surat Perintah Membayar (PPSPM),1,2024-06-19,2024-06-24
Pelatihan Blended Bendahara Pengeluaran/Bendahara Pengeluaran Pembantu,3,2024-06-20,2024-06-25
Pelatihan Jarak Jauh Pembinaan Pengelolaan Keuangan BLU - Teknis,1,2024-06-24,2024-06-28
Pelatihan Evaluasi Dampak Kebijakan Publik: Impact Evaluation for Public Policy,1,2024-06-24,2024-06-28
Pelatihan Jarak Jauh Bendahara Pengeluaran/Bendahara Pengeluaran Pembantu,1,2024-06-24,2024-06-28
E-Learning Bendahara Penerimaan,4,2024-06-24,2024-06-28
Pelatihan Jarak Jauh Pejabat Penandatangan Surat Perintah Membayar (PPSPM),2,2024-06-24,2024-06-28
Pelatihan Jarak Jauh Perencanaan Penganggaran bagi Kasubbag Umum,1,2024-06-24,2024-07-12
Pelatihan Jarak Jauh Cost Benefit Analysis BMN,1,2024-06-24,2024-06-28
E-Learning Evaluasi Kinerja Anggaran Level Dasar,1,2024-06-24,2024-06-28
E-Learning Jabatan Fungsional Analis Anggaran Ahli Muda dalam Lingkup Tugas Selaku Chief Operational Officer (COO),1,2024-06-24,2024-07-05
E-Learning Jabatan Fungsional Analis Anggaran Ahli Madya dalam Lingkup Tugas Selaku Chief Operational Officer (COO),1,2024-06-24,2024-07-05
Pelatihan Pembina Jabatan Fungsional Bidang Perbendaharaan,2,2024-06-25,2024-06-27
